Keypoint_0,Keypoint_1,Keypoint_2,Keypoint_3,Keypoint_4,Keypoint_5,Keypoint_6,Keypoint_7,Keypoint_8,Keypoint_9,Keypoint_10,Keypoint_11,Keypoint_12,Keypoint_13,Keypoint_14,Keypoint_15,Keypoint_16,Keypoint_17,Keypoint_18,Keypoint_19,Keypoint_20
"[0.4556739628314972, 0.8461204767227173]","[0.614865779876709, 0.7541691064834595]","[0.7182286381721497, 0.5484241247177124]","[0.7422187328338623, 0.3640086352825165]","[0.7735887765884399, 0.23188172280788422]","[0.6166122555732727, 0.4132179617881775]","[0.600807249546051, 0.3366662561893463]","[0.5727183222770691, 0.46586307883262634]","[0.5615421533584595, 0.5645368099212646]","[0.50785893201828, 0.4204327166080475]","[0.47975194454193115, 0.3665514588356018]","[0.4874210059642792, 0.5491819977760315]","[0.49636372923851013, 0.6681170463562012]","[0.41212013363838196, 0.44814667105674744]","[0.37120717763900757, 0.40202057361602783]","[0.40192827582359314, 0.5803850889205933]","[0.4268796741962433, 0.6928055286407471]","[0.3253854513168335, 0.4882098138332367]","[0.295476496219635, 0.4301966428756714]","[0.3211008608341217, 0.5479958057403564]","[0.3547471761703491, 0.6287797689437866]"
"[0.5019718408584595, 0.8125998973846436]","[0.6010622978210449, 0.7516151666641235]","[0.6577196717262268, 0.6413007974624634]","[0.6733217835426331, 0.5362299084663391]","[0.6908332109451294, 0.45808520913124084]","[0.601294994354248, 0.5702732801437378]","[0.591830313205719, 0.5136294364929199]","[0.572441577911377, 0.5845297574996948]","[0.5672105550765991, 0.6425307393074036]","[0.5348454713821411, 0.5762520432472229]","[0.5218119025230408, 0.5272541046142578]","[0.521676778793335, 0.6322809457778931]","[0.5266164541244507, 0.7059904932975769]","[0.47795534133911133, 0.5900286436080933]","[0.45683711767196655, 0.5524485111236572]","[0.47261476516723633, 0.6533582806587219]","[0.4859490692615509, 0.7194445133209229]","[0.4240671396255493, 0.6085090637207031]","[0.4096018075942993, 0.5636645555496216]","[0.4245039224624634, 0.6296762824058533]","[0.44467923045158386, 0.6794232130050659]"
